property,occurence of patterns
count,601.0
mean,9.985024958402661
std,26.414228022810786
min,1.0
25%,1.0
50%,3.0
75%,7.0
max,277.0
sckewness,-
